{
    "connection":{
        "user" : "dbAdmin",
        "password": "ASLS12asls12@",
        "server" : "sswdbsanches.database.windows.net",
        "database" : "sswdb",
        "parseJSON": true,
        "options":
        {
            "encrypt" : true,
            "enableArithAbort" : false
        },
        "pool":
        {
        "min": 2,
        "max": 4,
        "idleTimeoutMillis": 30000
        }
    },
    "keys": {
            "secret": "Something no one will guess in a trillion years!!!!"
    }
}
